site,imports
FB,4.72340354858927e-4
FLW,1.800425073786986e-4
