imports,quantile
0.0385182360489233,0.025
0.0825765047364512,0.5
0.159648993362387,0.975
