"base_name","R0","R0_mag","initial_inf","initial_inf_low","initial_inf_high","genint_shape","genint_scale","R0_max","R0_min","R0_prob_med","R0_prob_min","R0_prob_max"
"FB",4.9750694593473,5.44318321591608,0.0185268679783538,0.00300299272476057,0.0287503383152124,2.89336355817558,5.67552828582174,19.6386661933309,5.44318321591608,11.3349179945899,4.9750694593473,17.9497409007045
"FLW",4.51573061305307,4.94062430312152,0.00940929782512583,0.00205088409340658,0.0149751216415092,2.89336355817558,5.67552828582174,19.5091555457777,4.94062430312152,10.4058689093445,4.51573061305307,17.8313681688409
